login,name,company,blog,location,email,hireable,bio,twitter_username,public_repos,followers,following,created_at,updated_at
acmorrow,Andrew C. Morrow,Viam,http://www.linkedin.com/in/andrewmorrow,NYC,andrew.c.morrow@gmail.com,,,,67,66,9,2010-05-06T22:30:48Z,2025-09-02T15:58:37Z
bhaney,Bijan Haney,,www.bijanhaney.com,,,,,,66,20,17,2014-07-29T11:03:56Z,2025-10-07T00:20:53Z
nathan-contino,nathan contino,,https://www.lambdalatitudinarians.org,"White Mountains, New Hampshire",,,"Documentarian.

Why waste time, say lot word, when few word do trick?",,53,29,10,2015-01-22T17:41:32Z,2025-10-28T11:38:55Z
npentrel,Naomi Pentrel,@viamrobotics ,https://blog.naomi.codes/,"Amsterdam, Netherlands",,,,,132,122,7,2013-08-12T08:50:54Z,2025-10-30T07:41:13Z
penguinland,Alan Davidson,,,,,,,,40,6,0,2012-11-22T08:20:21Z,2025-10-17T01:26:22Z
sguequierre,Sierra Guequierre,Pavlov Media,,"New York City, USA",sguequierre@gmail.com,,,,19,2,5,2016-08-02T15:23:26Z,2025-07-12T13:35:47Z
skyleilani,sky leilani,,,,,,,,20,0,0,2018-11-19T04:56:24Z,2025-11-04T19:54:19Z
zaporter-work,Zack Porter,,,,,,,,46,8,21,2022-12-30T20:03:27Z,2025-11-05T02:55:01Z
